"alpha_3_code","alpha_2_code","country","economy","income_group"
"AFG","AF","Afghanistan","Afghanistan","Low income"
"ALB","AL","Albania","Albania","Upper middle income"
"DZA","DZ","Algeria","Algeria","Upper middle income"
"ASM","AS","American Samoa","American Samoa","High income"
"AND","AD","Andorra","Andorra","High income"
"AGO","AO","Angola","Angola","Lower middle income"
"AIA","AI","Anguilla",NA,NA
"ATA","AQ","Antarctica",NA,NA
"ATG","AG","Antigua and Barbuda","Antigua and Barbuda","High income"
"ARG","AR","Argentina","Argentina","Upper middle income"
"ARM","AM","Armenia","Armenia","Upper middle income"
"ABW","AW","Aruba","Aruba","High income"
"AUS","AU","Australia","Australia","High income"
"AUT","AT","Austria","Austria","High income"
"AZE","AZ","Azerbaijan","Azerbaijan","Upper middle income"
"BHS","BS","Bahamas","Bahamas, The","High income"
"BHR","BH","Bahrain","Bahrain","High income"
"BGD","BD","Bangladesh","Bangladesh","Lower middle income"
"BRB","BB","Barbados","Barbados","High income"
"BLR","BY","Belarus","Belarus","Upper middle income"
"BEL","BE","Belgium","Belgium","High income"
"BLZ","BZ","Belize","Belize","Upper middle income"
"BEN","BJ","Benin","Benin","Lower middle income"
"BMU","BM","Bermuda","Bermuda","High income"
"BTN","BT","Bhutan","Bhutan","Lower middle income"
"BOL","BO","Bolivia","Bolivia","Lower middle income"
"BES","BQ","Bonaire, Sint Eustatius and Saba",NA,NA
"BIH","BA","Bosnia and Herzegovina","Bosnia and Herzegovina","Upper middle income"
"BWA","BW","Botswana","Botswana","Upper middle income"
"BVT","BV","Bouvet Island",NA,NA
"BRA","BR","Brazil","Brazil","Upper middle income"
"IOT","IO","British Indian Ocean Territory",NA,NA
"BRN","BN","Brunei Darussalam","Brunei Darussalam","High income"
"BGR","BG","Bulgaria","Bulgaria","High income"
"BFA","BF","Burkina Faso","Burkina Faso","Low income"
"BDI","BI","Burundi","Burundi","Low income"
"CPV","CV","Cabo Verde","Cabo Verde","Lower middle income"
"KHM","KH","Cambodia","Cambodia","Lower middle income"
"CMR","CM","Cameroon","Cameroon","Lower middle income"
"CAN","CA","Canada","Canada","High income"
"CYM","KY","Cayman Islands","Cayman Islands","High income"
"CAF","CF","Central African Republic","Central African Republic","Low income"
"TCD","TD","Chad","Chad","Low income"
"CHL","CL","Chile","Chile","High income"
"CHN","CN","China","China","Upper middle income"
"CXR","CX","Christmas Island",NA,NA
"CCK","CC","Cocos (Keeling) Islands",NA,NA
"COL","CO","Colombia","Colombia","Upper middle income"
"COM","KM","Comoros","Comoros","Lower middle income"
"COD","CD","Congo (the Democratic Republic of the)","Congo, Dem. Rep.","Low income"
"COG","CG","Congo","Congo, Rep.","Lower middle income"
"COK","CK","Cook Islands",NA,NA
"CRI","CR","Costa Rica","Costa Rica","Upper middle income"
"HRV","HR","Croatia","Croatia","High income"
"CUB","CU","Cuba","Cuba","Upper middle income"
"CUW","CW","Curacao","Curaçao","High income"
"CYP","CY","Cyprus","Cyprus","High income"
"CZE","CZ","Czechia","Czechia","High income"
"CIV","CI","Cote d'Ivoire","Côte d’Ivoire","Lower middle income"
"DNK","DK","Denmark","Denmark","High income"
"DJI","DJ","Djibouti","Djibouti","Lower middle income"
"DMA","DM","Dominica","Dominica","Upper middle income"
"DOM","DO","Dominican Republic","Dominican Republic","Upper middle income"
"ECU","EC","Ecuador","Ecuador","Upper middle income"
"EGY","EG","Egypt","Egypt, Arab Rep.","Lower middle income"
"SLV","SV","El Salvador","El Salvador","Upper middle income"
"GNQ","GQ","Equatorial Guinea","Equatorial Guinea","Upper middle income"
"ERI","ER","Eritrea","Eritrea","Low income"
"EST","EE","Estonia","Estonia","High income"
"SWZ","SZ","Eswatini","Eswatini","Lower middle income"
"ETH","ET","Ethiopia","Ethiopia","Low income"
"FLK","FK","Falkland Islands [Malvinas]",NA,NA
"FRO","FO","Faroe Islands","Faroe Islands","High income"
"FJI","FJ","Fiji","Fiji","Upper middle income"
"FIN","FI","Finland","Finland","High income"
"FRA","FR","France","France","High income"
"GUF","GF","French Guiana",NA,NA
"PYF","PF","French Polynesia","French Polynesia","High income"
"ATF","TF","French Southern Territories",NA,NA
"GAB","GA","Gabon","Gabon","Upper middle income"
"GMB","GM","Gambia","Gambia, The","Low income"
"GEO","GE","Georgia","Georgia","Upper middle income"
"DEU","DE","Germany","Germany","High income"
"GHA","GH","Ghana","Ghana","Lower middle income"
"GIB","GI","Gibraltar","Gibraltar","High income"
"GRC","GR","Greece","Greece","High income"
"GRL","GL","Greenland","Greenland","High income"
"GRD","GD","Grenada","Grenada","Upper middle income"
"GLP","GP","Guadeloupe",NA,NA
"GUM","GU","Guam","Guam","High income"
"GTM","GT","Guatemala","Guatemala","Upper middle income"
"GGY","GG","Guernsey","Guernsey","High income"
"GIN","GN","Guinea","Guinea","Lower middle income"
"GNB","GW","Guinea-Bissau","Guinea-Bissau","Low income"
"GUY","GY","Guyana","Guyana","High income"
"HTI","HT","Haiti","Haiti","Lower middle income"
"HMD","HM","Heard Island and McDonald Islands",NA,NA
"VAT","VA","Holy See",NA,NA
"HND","HN","Honduras","Honduras","Lower middle income"
"HKG","HK","Hong Kong","Hong Kong SAR, China","High income"
"HUN","HU","Hungary","Hungary","High income"
"ISL","IS","Iceland","Iceland","High income"
"IND","IN","India","India","Lower middle income"
"IDN","ID","Indonesia","Indonesia","Upper middle income"
"IRN","IR","Iran","Iran, Islamic Rep.","Upper middle income"
"IRQ","IQ","Iraq","Iraq","Upper middle income"
"IRL","IE","Ireland","Ireland","High income"
"IMN","IM","Isle of Man","Isle of Man","High income"
"ISR","IL","Israel","Israel","High income"
"ITA","IT","Italy","Italy","High income"
"JAM","JM","Jamaica","Jamaica","Upper middle income"
"JPN","JP","Japan","Japan","High income"
"JEY","JE","Jersey","Jersey","High income"
"JOR","JO","Jordan","Jordan","Lower middle income"
"KAZ","KZ","Kazakhstan","Kazakhstan","Upper middle income"
"KEN","KE","Kenya","Kenya","Lower middle income"
"KIR","KI","Kiribati","Kiribati","Lower middle income"
"PRK","KP","N. Korea","Korea, Dem. People's Rep.","Low income"
"KOR","KR","S. Korea","Korea, Rep.","High income"
"KWT","KW","Kuwait","Kuwait","High income"
"KGZ","KG","Kyrgyzstan","Kyrgyz Republic","Lower middle income"
"LAO","LA","Lao People's Democratic Republic","Lao PDR","Lower middle income"
"LVA","LV","Latvia","Latvia","High income"
"LBN","LB","Lebanon","Lebanon","Lower middle income"
"LSO","LS","Lesotho","Lesotho","Lower middle income"
"LBR","LR","Liberia","Liberia","Low income"
"LBY","LY","Libya","Libya","Upper middle income"
"LIE","LI","Liechtenstein","Liechtenstein","High income"
"LTU","LT","Lithuania","Lithuania","High income"
"LUX","LU","Luxembourg","Luxembourg","High income"
"MAC","MO","Macao","Macao SAR, China","High income"
"MDG","MG","Madagascar","Madagascar","Low income"
"MWI","MW","Malawi","Malawi","Low income"
"MYS","MY","Malaysia","Malaysia","Upper middle income"
"MDV","MV","Maldives","Maldives","Upper middle income"
"MLI","ML","Mali","Mali","Low income"
"MLT","MT","Malta","Malta","High income"
"MHL","MH","Marshall Islands","Marshall Islands","Upper middle income"
"MTQ","MQ","Martinique",NA,NA
"MRT","MR","Mauritania","Mauritania","Lower middle income"
"MUS","MU","Mauritius","Mauritius","Upper middle income"
"MYT","YT","Mayotte",NA,NA
"MEX","MX","Mexico","Mexico","Upper middle income"
"FSM","FM","Micronesia (Federated States of)","Micronesia, Fed. Sts.","Lower middle income"
"MDA","MD","Moldova (the Republic of)","Moldova","Upper middle income"
"MCO","MC","Monaco","Monaco","High income"
"MNG","MN","Mongolia","Mongolia","Upper middle income"
"MNE","ME","Montenegro","Montenegro","Upper middle income"
"MSR","MS","Montserrat",NA,NA
"MAR","MA","Morocco","Morocco","Lower middle income"
"MOZ","MZ","Mozambique","Mozambique","Low income"
"MMR","MM","Myanmar","Myanmar","Lower middle income"
"NAM",NA,"Namibia","Namibia","Upper middle income"
"NRU","NR","Nauru","Nauru","High income"
"NPL","NP","Nepal","Nepal","Lower middle income"
"NLD","NL","Netherlands","Netherlands","High income"
"NCL","NC","New Caledonia","New Caledonia","High income"
"NZL","NZ","New Zealand","New Zealand","High income"
"NIC","NI","Nicaragua","Nicaragua","Lower middle income"
"NER","NE","Niger","Niger","Low income"
"NGA","NG","Nigeria","Nigeria","Lower middle income"
"NIU","NU","Niue",NA,NA
"NFK","NF","Norfolk Island",NA,NA
"MNP","MP","Northern Mariana Islands","Northern Mariana Islands","High income"
"NOR","NO","Norway","Norway","High income"
"OMN","OM","Oman","Oman","High income"
"PAK","PK","Pakistan","Pakistan","Lower middle income"
"PLW","PW","Palau","Palau","High income"
"PSE","PS","Palestine, State of","West Bank and Gaza","Lower middle income"
"PAN","PA","Panama","Panama","High income"
"PNG","PG","Papua New Guinea","Papua New Guinea","Lower middle income"
"PRY","PY","Paraguay","Paraguay","Upper middle income"
"PER","PE","Peru","Peru","Upper middle income"
"PHL","PH","Philippines","Philippines","Lower middle income"
"PCN","PN","Pitcairn",NA,NA
"POL","PL","Poland","Poland","High income"
"PRT","PT","Portugal","Portugal","High income"
"PRI","PR","Puerto Rico","Puerto Rico","High income"
"QAT","QA","Qatar","Qatar","High income"
"MKD","MK","Republic of North Macedonia","North Macedonia","Upper middle income"
"ROU","RO","Romania","Romania","High income"
"RUS","RU","Russian Federation","Russian Federation","High income"
"RWA","RW","Rwanda","Rwanda","Low income"
"REU","RE","Reunion",NA,NA
"BLM","BL","Saint Barthelemy",NA,NA
"SHN","SH","Saint Helena, Ascension and Tristan da Cunha",NA,NA
"KNA","KN","Saint Kitts and Nevis","St. Kitts and Nevis","High income"
"LCA","LC","Saint Lucia","St. Lucia","Upper middle income"
"MAF","MF","Saint Martin (French part)","St. Martin (French part)","High income"
"SPM","PM","Saint Pierre and Miquelon",NA,NA
"VCT","VC","Saint Vincent and the Grenadines","St. Vincent and the Grenadines","Upper middle income"
"WSM","WS","Samoa","Samoa","Lower middle income"
"SMR","SM","San Marino","San Marino","High income"
"STP","ST","Sao Tome and Principe","São Tomé and Príncipe","Lower middle income"
"SAU","SA","Saudi Arabia","Saudi Arabia","High income"
"SEN","SN","Senegal","Senegal","Lower middle income"
"SRB","RS","Serbia","Serbia","Upper middle income"
"SYC","SC","Seychelles","Seychelles","High income"
"SLE","SL","Sierra Leone","Sierra Leone","Low income"
"SGP","SG","Singapore","Singapore","High income"
"SXM","SX","Sint Maarten (Dutch part)","Sint Maarten (Dutch part)","High income"
"SVK","SK","Slovakia","Slovak Republic","High income"
"SVN","SI","Slovenia","Slovenia","High income"
"SLB","SB","Solomon Islands","Solomon Islands","Lower middle income"
"SOM","SO","Somalia","Somalia","Low income"
"ZAF","ZA","South Africa","South Africa","Upper middle income"
"SGS","GS","South Georgia and the South Sandwich Islands",NA,NA
"SSD","SS","South Sudan","South Sudan","Low income"
"ESP","ES","Spain","Spain","High income"
"LKA","LK","Sri Lanka","Sri Lanka","Lower middle income"
"SDN","SD","Sudan","Sudan","Low income"
"SUR","SR","Suriname","Suriname","Upper middle income"
"SJM","SJ","Svalbard and Jan Mayen",NA,NA
"SWE","SE","Sweden","Sweden","High income"
"CHE","CH","Switzerland","Switzerland","High income"
"SYR","SY","Syrian Arab Republic","Syrian Arab Republic","Low income"
"TWN","TW","Taiwan (Province of China)","Taiwan, China","High income"
"TJK","TJ","Tajikistan","Tajikistan","Lower middle income"
"TZA","TZ","Tanzania, United Republic of","Tanzania","Lower middle income"
"THA","TH","Thailand","Thailand","Upper middle income"
"TLS","TL","Timor-Leste","Timor-Leste","Lower middle income"
"TGO","TG","Togo","Togo","Low income"
"TKL","TK","Tokelau",NA,NA
"TON","TO","Tonga","Tonga","Upper middle income"
"TTO","TT","Trinidad and Tobago","Trinidad and Tobago","High income"
"TUN","TN","Tunisia","Tunisia","Lower middle income"
"TUR","TR","Turkey","Türkiye","Upper middle income"
"TKM","TM","Turkmenistan","Turkmenistan","Upper middle income"
"TCA","TC","Turks and Caicos Islands","Turks and Caicos Islands","High income"
"TUV","TV","Tuvalu","Tuvalu","Upper middle income"
"UGA","UG","Uganda","Uganda","Low income"
"UKR","UA","Ukraine","Ukraine","Upper middle income"
"ARE","AE","United Arab Emirates","United Arab Emirates","High income"
"GBR","GB","United Kingdom of Great Britain and Northern Ireland","United Kingdom","High income"
"UMI","UM","United States Minor Outlying Islands",NA,NA
"USA","US","United States of America","United States","High income"
"URY","UY","Uruguay","Uruguay","High income"
"UZB","UZ","Uzbekistan","Uzbekistan","Lower middle income"
"VUT","VU","Vanuatu","Vanuatu","Lower middle income"
"VEN","VE","Venezuela (Bolivarian Republic of)",NA,NA
"VNM","VN","Viet Nam","Vietnam","Lower middle income"
"VGB","VG","Virgin Islands (British)","British Virgin Islands","High income"
"VIR","VI","Virgin Islands (U.S.)","Virgin Islands (U.S.)","High income"
"WLF","WF","Wallis and Futuna",NA,NA
"ESH","EH","Western Sahara",NA,NA
"YEM","YE","Yemen","Yemen, Rep.","Low income"
"ZMB","ZM","Zambia","Zambia","Lower middle income"
"ZWE","ZW","Zimbabwe","Zimbabwe","Lower middle income"
"ALA","AX","Aland Islands",NA,NA
"XKX",NA,"Kosovo","Kosovo","Upper middle income"
